First Name,Company,Email
,,zunigavanessa@smith.info
Preston,,vmata@colon.com
,,beckycarr@hogan.com
,,
Joanna,"Martin, Lang and Andrade",colinalvarado@miles.net
,,
Darren,"Lester, Woodard and Mitchell",tgates@cantrell.com
Brett,"Sanford, Davenport and Giles",asnow@colon.com
,,mariokhan@ryan-pope.org
Michelle,Beck-Hendrix,mdyer@escobar.net
Carl,"Oconnell, Meza and Everett",kirksalas@webb.com
Jenna,"Hoffman, Reed and Mcclain",mark42@robbins.com
Tracey,Graham-Francis,alex56@walls.org
Kristine,Carpenter-Cook,holdenmiranda@clarke.com
Faith,Carter-Hancock,cassieparrish@blevins-chapman.net
Miranda,Singleton and Sons,vduncan@parks-hardy.com
Caroline,Winters-Mendoza,holtgwendolyn@watson-davenport.com
Greg,Valentine LLC,jaredjuarez@carroll.org
Clifford,Simon LLC,joseph26@jacobson.com
Joanna,Mays-Mccormick,tuckerangie@salazar.net
Maxwell,Patterson Inc,fgibson@drake-webb.com
Kiara,"Manning, Hester and Arroyo",blanchardbob@wallace-shannon.com
Colleen,Greer and Sons,rsingleton@ryan-cherry.com
Janet,Watts-Donaldson,stefanie71@spence.com
Shane,Tucker LLC,mariah88@santos.com
Marcus,Giles Ltd,donnamullins@norris-barrett.org
Dakota,Simmons Group,stacey67@fields.org
Frederick,"Hinton, Chaney and Stokes",jacobkhan@bright.biz
Stefanie,Santana-Duran,wterrell@clark.com
Kent,Sawyer PLC,qjimenez@boyd.com
Jack,"Acosta, Petersen and Morrow",gfigueroa@boone-zavala.com
Tom,Mcgee Group,tapiagreg@beard.info
Gabriel,Adkins-Salinas,coleolson@jennings.net
Kaitlyn,Herrera Group,georgeross@miles.org
Faith,"Waters, Chase and Aguilar",willistonya@randolph-baker.com
Tammie,"Palmer, Barnes and Houston",harrisisaiah@jenkins.com
Nicholas,Jordan Ltd,fwolfe@dorsey.com
Jordan,Glover and Sons,tiffanydavies@harris-mcfarland.org
Bruce,Huerta-Mclean,preese@frye-vega.com
Sherry,Anderson Ltd,ann48@miller.com
Natalie,Monroe PLC,tcummings@fitzpatrick-ashley.com
Bryan,Kaufman and Sons,woodwardandres@phelps.com
Wayne,Perkins-Trevino,barbarapittman@holder.com
Luis,Cross PLC,bstuart@williamson-mcclure.com
Rhonda,"Herrera, Shepherd and Underwood",zkrueger@wolf-chavez.net
Joanne,"Price, Sexton and Mcdaniel",juan80@henson.net
Geoffrey,Short-Wiggins,bauercrystal@gay.com
Gloria,"Brennan, Acosta and Ramos",bartlettjenna@zuniga-moss.biz
Brady,Osborne-Erickson,mccalltyrone@durham-rose.biz
Latoya,"Hobbs, Garrett and Sanford",bobhammond@barry.biz
Gerald,"Phelps, Forbes and Koch",uwarner@steele-arias.com
Samuel,"May, Goodwin and Martin",xpittman@ritter-carney.net
Patricia,"Christian, Winters and Ellis",vaughanchristy@lara.biz
Stacie,Byrd Inc,clinton85@colon-arias.org
Robin,"Nixon, Blackwell and Sosa",greenemiranda@zimmerman.com
Ralph,Montes PLC,goodmancesar@figueroa.biz
Phyllis,Costa PLC,yhanson@warner-diaz.org
Danny,Novak LLC,howelldarren@house-cohen.com
Kathy,"Moore, Mccoy and Glass",ncamacho@boone-simmons.org
Kelli,Petty Ltd,kristopher62@oliver.com
Lynn,"Brennan, Camacho and Tapia",mpham@rios-guzman.com
Shelley,"Prince, Malone and Pugh",zachary96@mitchell-bryant.org
Eddie,Caldwell Group,kristiwhitney@bernard.com
Chloe,Simon LLC,leah85@sutton-terrell.com
Eileen,"Knight, Abbott and Hubbard",levigiles@vincent.com
Fernando,Church-Banks,fisherlinda@schaefer.net
Makayla,Henderson Inc,scottcurtis@hurley.biz
Tom,Donaldson-Dougherty,nicholsonnina@montgomery.info
Virginia,Warren Ltd,zvalencia@phelps.com
Riley,Wade PLC,alex06@galloway.com
Alexandria,Keller-Coffey,lee48@manning.com
Richard,Conway-Mcbride,aharper@maddox-townsend.org
Candice,Huynh and Sons,buckleycory@odonnell.net
Anita,Parrish Ltd,angie04@oconnell.com
Regina,Guzman-Brown,zrosario@rojas-hardin.net
Debra,"Chang, Aguirre and Leblanc",shieldskerry@robles.com
Brittany,Mason-Hester,mchandler@cochran-huerta.org
Cassidy,"Mcguire, Huynh and Hopkins",katrinalane@fitzgerald.com
Laurie,"Sanchez, Marsh and Hale",cookejill@powell.com
Alejandro,"Combs, Waller and Durham",elizabethbarr@ewing.com
Leslie,Blankenship-Arias,corey75@wiggins.com
Kathleen,"Coffey, Lamb and Johnson",chloelester@higgins-wilkinson.com
Hunter,Fitzpatrick-Lawrence,isaac26@benton-finley.com
Chad,Garcia-Jimenez,justinwalters@jimenez.com
Corey,"Mcdonald, Bird and Ramirez",maurice46@morgan.com
Emma,Stephens Inc,walter83@juarez.org
Duane,Montoya-Miller,kmercer@wagner.com
Alison,"Vaughn, Watts and Leach",vcantu@norton.com
Vernon,Carter-Strickland,hilljesse@barrett.info
Lori,Decker-Mcknight,tyrone77@valenzuela.info
Nina,Byrd-Campbell,elliserica@frank.com
Shane,Rocha-Hart,nsteele@sparks.com
Collin,Lamb-Peterson,dudleyemily@gonzales.biz
Sherry,"Lee, Lucero and Johnson",alan79@gates-mclaughlin.com
Darrell,"Newton, Petersen and Mathis",grayjean@lowery-good.com
Karl,Carey LLC,hhart@jensen.com
Lynn,"Ware, Burns and Oneal",vkemp@ferrell.com
Fred,Schmitt-Jones,swagner@kane.org
Yvonne,Fitzgerald-Harrell,mccarthystephen@horn-green.biz
Clarence,"Le, Nash and Cross",colleen91@faulkner.biz
